id,annotator,start,end,category,class,
0,SYSTEM,0,3378,,,
TXT_IMPORTER_1620717788127,TXT_IMPORTER,0,15,title,unit,
TXT_IMPORTER_1620717788128,TXT_IMPORTER,15,29,subTitle,unit,
TXT_IMPORTER_1620717788129,TXT_IMPORTER,29,76,paragraph,unit,
TXT_IMPORTER_1620717788130,TXT_IMPORTER,76,113,paragraph,unit,
TXT_IMPORTER_1620717788131,TXT_IMPORTER,113,155,paragraph,unit,
TXT_IMPORTER_1620717788132,TXT_IMPORTER,155,207,paragraph,unit,
TXT_IMPORTER_1620717788133,TXT_IMPORTER,207,260,paragraph,unit,
TXT_IMPORTER_1620717788134,TXT_IMPORTER,260,298,paragraph,unit,
TXT_IMPORTER_1620717788135,TXT_IMPORTER,298,341,paragraph,unit,
TXT_IMPORTER_1620717788136,TXT_IMPORTER,341,378,paragraph,unit,
TXT_IMPORTER_1620717788137,TXT_IMPORTER,378,425,paragraph,unit,
TXT_IMPORTER_1620717788138,TXT_IMPORTER,425,464,paragraph,unit,
TXT_IMPORTER_1620717788139,TXT_IMPORTER,464,511,paragraph,unit,
TXT_IMPORTER_1620717788140,TXT_IMPORTER,511,556,paragraph,unit,
TXT_IMPORTER_1620717788141,TXT_IMPORTER,556,597,paragraph,unit,
TXT_IMPORTER_1620717788142,TXT_IMPORTER,597,640,paragraph,unit,
TXT_IMPORTER_1620717788143,TXT_IMPORTER,640,682,paragraph,unit,
TXT_IMPORTER_1620717788144,TXT_IMPORTER,682,730,paragraph,unit,
TXT_IMPORTER_1620717788145,TXT_IMPORTER,730,768,paragraph,unit,
TXT_IMPORTER_1620717788146,TXT_IMPORTER,768,812,paragraph,unit,
TXT_IMPORTER_1620717788147,TXT_IMPORTER,812,851,paragraph,unit,
TXT_IMPORTER_1620717788148,TXT_IMPORTER,851,894,paragraph,unit,
TXT_IMPORTER_1620717788149,TXT_IMPORTER,894,940,paragraph,unit,
TXT_IMPORTER_1620717788150,TXT_IMPORTER,940,978,paragraph,unit,
TXT_IMPORTER_1620717788151,TXT_IMPORTER,978,1032,paragraph,unit,
TXT_IMPORTER_1620717788152,TXT_IMPORTER,1032,1074,paragraph,unit,
TXT_IMPORTER_1620717788153,TXT_IMPORTER,1074,1116,paragraph,unit,
TXT_IMPORTER_1620717788154,TXT_IMPORTER,1116,1163,paragraph,unit,
TXT_IMPORTER_1620717788155,TXT_IMPORTER,1163,1206,paragraph,unit,
TXT_IMPORTER_1620717788156,TXT_IMPORTER,1206,1253,paragraph,unit,
TXT_IMPORTER_1620717788157,TXT_IMPORTER,1253,1305,paragraph,unit,
TXT_IMPORTER_1620717788158,TXT_IMPORTER,1305,1348,paragraph,unit,
TXT_IMPORTER_1620717788159,TXT_IMPORTER,1348,1392,paragraph,unit,
TXT_IMPORTER_1620717788160,TXT_IMPORTER,1392,1433,paragraph,unit,
TXT_IMPORTER_1620717788161,TXT_IMPORTER,1433,1476,paragraph,unit,
TXT_IMPORTER_1620717788162,TXT_IMPORTER,1476,1524,paragraph,unit,
TXT_IMPORTER_1620717788163,TXT_IMPORTER,1524,1568,paragraph,unit,
TXT_IMPORTER_1620717788164,TXT_IMPORTER,1568,1619,paragraph,unit,
TXT_IMPORTER_1620717788165,TXT_IMPORTER,1619,1664,paragraph,unit,
TXT_IMPORTER_1620717788166,TXT_IMPORTER,1664,1712,paragraph,unit,
TXT_IMPORTER_1620717788167,TXT_IMPORTER,1712,1751,paragraph,unit,
TXT_IMPORTER_1620717788168,TXT_IMPORTER,1751,1792,paragraph,unit,
TXT_IMPORTER_1620717788169,TXT_IMPORTER,1792,1839,paragraph,unit,
TXT_IMPORTER_1620717788170,TXT_IMPORTER,1839,1878,paragraph,unit,
TXT_IMPORTER_1620717788171,TXT_IMPORTER,1878,1926,paragraph,unit,
TXT_IMPORTER_1620717788172,TXT_IMPORTER,1926,1964,paragraph,unit,
TXT_IMPORTER_1620717788173,TXT_IMPORTER,1964,2010,paragraph,unit,
TXT_IMPORTER_1620717788174,TXT_IMPORTER,2010,2053,paragraph,unit,
TXT_IMPORTER_1620717788175,TXT_IMPORTER,2053,2099,paragraph,unit,
TXT_IMPORTER_1620717788176,TXT_IMPORTER,2099,2144,paragraph,unit,
TXT_IMPORTER_1620717788177,TXT_IMPORTER,2144,2198,paragraph,unit,
TXT_IMPORTER_1620717788178,TXT_IMPORTER,2198,2242,paragraph,unit,
TXT_IMPORTER_1620717788179,TXT_IMPORTER,2242,2278,paragraph,unit,
TXT_IMPORTER_1620717788180,TXT_IMPORTER,2278,2322,paragraph,unit,
TXT_IMPORTER_1620717788181,TXT_IMPORTER,2322,2371,paragraph,unit,
TXT_IMPORTER_1620717788182,TXT_IMPORTER,2371,2407,paragraph,unit,
TXT_IMPORTER_1620717788183,TXT_IMPORTER,2407,2449,paragraph,unit,
TXT_IMPORTER_1620717788184,TXT_IMPORTER,2449,2492,paragraph,unit,
TXT_IMPORTER_1620717788185,TXT_IMPORTER,2492,2542,paragraph,unit,
TXT_IMPORTER_1620717788186,TXT_IMPORTER,2542,2579,paragraph,unit,
TXT_IMPORTER_1620717788187,TXT_IMPORTER,2579,2624,paragraph,unit,
TXT_IMPORTER_1620717788188,TXT_IMPORTER,2624,2668,paragraph,unit,
TXT_IMPORTER_1620717788189,TXT_IMPORTER,2668,2710,paragraph,unit,
TXT_IMPORTER_1620717788190,TXT_IMPORTER,2710,2757,paragraph,unit,
TXT_IMPORTER_1620717788191,TXT_IMPORTER,2757,2797,paragraph,unit,
TXT_IMPORTER_1620717788192,TXT_IMPORTER,2797,2837,paragraph,unit,
TXT_IMPORTER_1620717788193,TXT_IMPORTER,2837,2882,paragraph,unit,
TXT_IMPORTER_1620717788194,TXT_IMPORTER,2882,2927,paragraph,unit,
TXT_IMPORTER_1620717788195,TXT_IMPORTER,2927,2974,paragraph,unit,
TXT_IMPORTER_1620717788196,TXT_IMPORTER,2974,3017,paragraph,unit,
TXT_IMPORTER_1620717788197,TXT_IMPORTER,3017,3061,paragraph,unit,
TXT_IMPORTER_1620717788198,TXT_IMPORTER,3061,3103,paragraph,unit,
TXT_IMPORTER_1620717788199,TXT_IMPORTER,3103,3151,paragraph,unit,
TXT_IMPORTER_1620717788200,TXT_IMPORTER,3151,3191,paragraph,unit,
TXT_IMPORTER_1620717788201,TXT_IMPORTER,3191,3231,paragraph,unit,
TXT_IMPORTER_1620717788202,TXT_IMPORTER,3231,3274,paragraph,unit,
TXT_IMPORTER_1620717788203,TXT_IMPORTER,3274,3328,paragraph,unit,
TXT_IMPORTER_1620717788204,TXT_IMPORTER,3328,3378,paragraph,unit,
awidloch_1620718297498,awidloch,1792,1964,Structure : Strophe,unit,
awidloch_1620718305504,awidloch,1964,2144,Structure : Strophe,unit,
awidloch_1620718307880,awidloch,2144,2322,Structure : Strophe,unit,
awidloch_1620718310358,awidloch,2322,2492,Structure : Strophe,unit,
awidloch_1620718320865,awidloch,2492,2668,Structure : Strophe,unit,
awidloch_1620718323031,awidloch,2668,2837,Structure : Strophe,unit,
awidloch_1620718325447,awidloch,2837,3017,Structure : Strophe,unit,
awidloch_1620718333841,awidloch,3017,3191,Structure : Strophe,unit,
awidloch_1620718337782,awidloch,3191,3378,Structure : Strophe,unit,
arousseau_1641314464997,arousseau,85,93,Syntaxe : Verbe,unit,
arousseau_1641314473340,arousseau,155,161,Syntaxe : Verbe,unit,
arousseau_1641314482453,arousseau,274,281,Syntaxe : Verbe,unit,
arousseau_1641314741292,arousseau,306,310,Syntaxe : Verbe,unit,
arousseau_1641314744806,arousseau,355,362,Syntaxe : Verbe,unit,
arousseau_1641314750576,arousseau,389,401,Syntaxe : Verbe,unit,
arousseau_1641314844809,arousseau,559,564,Syntaxe : Verbe,unit,
arousseau_1641314848244,arousseau,588,597,Syntaxe : Verbe,unit,
arousseau_1641314854010,arousseau,646,653,Syntaxe : Verbe,unit,
arousseau_1641314857550,arousseau,691,697,Syntaxe : Verbe,unit,
arousseau_1641314860501,arousseau,735,741,Syntaxe : Verbe,unit,
arousseau_1641314874715,arousseau,822,829,Syntaxe : Verbe,unit,
arousseau_1641314881512,arousseau,959,967,Syntaxe : Verbe,unit,
arousseau_1641314970653,arousseau,1000,1004,Syntaxe : Verbe,unit,
arousseau_1641314989626,arousseau,477,481,Syntaxe : Verbe,unit,
arousseau_1641315393875,arousseau,1027,1032,Syntaxe : Verbe,unit,
arousseau_1641315405701,arousseau,1032,1040,Syntaxe : Verbe,unit,
arousseau_1641315417042,arousseau,1077,1081,Syntaxe : Verbe,unit,
arousseau_1641315419943,arousseau,1096,1101,Syntaxe : Verbe,unit,
arousseau_1641315421830,arousseau,1119,1127,Syntaxe : Verbe,unit,
arousseau_1641315428526,arousseau,1128,1139,Syntaxe : Verbe,unit,
arousseau_1641315432422,arousseau,1182,1186,Syntaxe : Verbe,unit,
arousseau_1641315436139,arousseau,1206,1212,Syntaxe : Verbe,unit,
arousseau_1641315442539,arousseau,1269,1273,Syntaxe : Verbe,unit,
arousseau_1641315444425,arousseau,1280,1291,Syntaxe : Verbe,unit,
arousseau_1641315446079,arousseau,1314,1328,Syntaxe : Verbe,unit,
arousseau_1641315447599,arousseau,1348,1357,Syntaxe : Verbe,unit,
arousseau_1641315448917,arousseau,1364,1369,Syntaxe : Verbe,unit,
arousseau_1641315451729,arousseau,1395,1399,Syntaxe : Verbe,unit,
arousseau_1641315460711,arousseau,1480,1486,Syntaxe : Verbe,unit,
arousseau_1641315464410,arousseau,1544,1551,Syntaxe : Verbe,unit,
arousseau_1641315465858,arousseau,1561,1567,Syntaxe : Verbe,unit,
arousseau_1641315468177,arousseau,1571,1581,Syntaxe : Verbe,unit,
arousseau_1641315471010,arousseau,1582,1593,Syntaxe : Verbe,unit,
arousseau_1641315478634,arousseau,1628,1637,Syntaxe : Verbe,unit,
arousseau_1641315489044,arousseau,1679,1685,Syntaxe : Verbe,unit,
arousseau_1641315491602,arousseau,1715,1720,Syntaxe : Verbe,unit,
arousseau_1641315497211,arousseau,1769,1773,Syntaxe : Verbe,unit,
arousseau_1641315649724,arousseau,448,463,Syntaxe : Syntagme nominal,unit,
arousseau_1641315680417,arousseau,42,75,Syntaxe : Syntagme nominal,unit,
arousseau_1641315699627,arousseau,97,112,Syntaxe : Syntagme nominal,unit,
arousseau_1641315724488,arousseau,241,259,Syntaxe : Syntagme nominal,unit,
arousseau_1641315733170,arousseau,323,341,Syntaxe : Syntagme nominal,unit,
arousseau_1641315738628,arousseau,536,555,Syntaxe : Syntagme nominal,unit,
arousseau_1641315763457,arousseau,790,811,Syntaxe : Syntagme nominal,unit,
arousseau_1641315771867,arousseau,662,681,Syntaxe : Syntagme nominal,unit,
arousseau_1641315776319,arousseau,706,726,Syntaxe : Syntagme nominal,unit,
arousseau_1641315789885,arousseau,940,958,Syntaxe : Syntagme nominal,unit,
arousseau_1641315796331,arousseau,1056,1073,Syntaxe : Syntagme nominal,unit,
arousseau_1641315808351,arousseau,1234,1252,Syntaxe : Syntagme nominal,unit,
arousseau_1641315816782,arousseau,1505,1522,Syntaxe : Syntagme nominal,unit,
arousseau_1641315970825,arousseau,1731,1750,Syntaxe : Syntagme nominal,unit,
arousseau_1641316388935,arousseau,76,84,Coréférence : Maillon,unit,
arousseau_1641316474667,arousseau,188,190,Coréférence : Maillon,unit,
arousseau_1641316764472,arousseau,155,161,Coréférence : Maillon,unit,
arousseau_1641316833293,arousseau,220,227,Coréférence : Maillon,unit,
arousseau_1641317281604,arousseau,271,273,Coréférence : Maillon,unit,
arousseau_1641317285929,arousseau,311,318,Coréférence : Maillon,unit,
arousseau_1641317289785,arousseau,363,366,Coréférence : Maillon,unit,
arousseau_1641317292680,arousseau,386,388,Coréférence : Maillon,unit,
arousseau_1641317295291,arousseau,389,401,Coréférence : Maillon,unit,
arousseau_1641317323502,arousseau,536,555,Coréférence : Maillon,unit,
arousseau_1641317330418,arousseau,575,583,Coréférence : Maillon,unit,
arousseau_1641317336465,arousseau,624,639,Coréférence : Maillon,unit,
arousseau_1641317344579,arousseau,682,687,Coréférence : Maillon,unit,
arousseau_1641317352248,arousseau,730,734,Coréférence : Maillon,unit,
arousseau_1641317359251,arousseau,812,821,Coréférence : Maillon,unit,
arousseau_1641317388306,arousseau,930,940,Coréférence : Maillon,unit,
arousseau_1641317392045,arousseau,940,958,Coréférence : Maillon,unit,
arousseau_1641317397151,arousseau,994,999,Coréférence : Maillon,unit,
arousseau_1641317401344,arousseau,1021,1026,Coréférence : Maillon,unit,
arousseau_1641317405337,arousseau,1074,1076,Coréférence : Maillon,unit,
arousseau_1641317416865,arousseau,1166,1174,Coréférence : Maillon,unit,
arousseau_1641317420241,arousseau,1179,1181,Coréférence : Maillon,unit,
arousseau_1641317427540,arousseau,1216,1218,Coréférence : Maillon,unit,
arousseau_1641317432877,arousseau,1263,1268,Coréférence : Maillon,unit,
arousseau_1641317445226,arousseau,1467,1469,Coréférence : Maillon,unit,
arousseau_1641317449155,arousseau,1476,1479,Coréférence : Maillon,unit,
arousseau_1641317461091,arousseau,1540,1543,Coréférence : Maillon,unit,
arousseau_1641317476007,arousseau,1555,1560,Coréférence : Maillon,unit,
arousseau_1641317488168,arousseau,1666,1675,Coréférence : Maillon,unit,
arousseau_1641317592162,arousseau,113,120,Coréférence : Maillon,unit,
arousseau_1641317795397,arousseau,178,182,Coréférence : Maillon,unit,
arousseau_1641317895344,arousseau,1619,1627,Coréférence : Maillon,unit,
arousseau_1641317897850,arousseau,1676,1678,Coréférence : Maillon,unit,
arousseau_1641325854591,arousseau,511,534,Figure : Comparaison,unit,
arousseau_1641325891654,arousseau,1754,1765,Figure : Comparaison,unit,
arousseau_1641317657357,arousseau,1253,1262,Coréférence : Maillon,unit,
arousseau_1641326108193,arousseau,135,155,Figure : Métaphore,unit,
arousseau_1641326258653,arousseau,1370,1391,Figure : Métaphore,unit,
arousseau_1641326655852,arousseau,790,811,Figure : Synecdoque,unit,
arousseau_1641326676378,arousseau,851,893,Figure : Métonymie,unit,
arousseau_1641315639197,arousseau,113,131,Syntaxe : Syntagme nominal,unit,
arousseau_1641315951210,arousseau,1438,1476,Syntaxe : Syntagme nominal,unit,
arousseau_1641317307739,arousseau,448,464,Coréférence : Maillon,unit,
arousseau_1641325876765,arousseau,1216,1252,Figure : Comparaison,unit,
arousseau_1641326008591,arousseau,344,377,Figure : Métaphore,unit,
arousseau_1641326033879,arousseau,682,730,Figure : Métaphore,unit,
arousseau_1641326054233,arousseau,730,767,Figure : Métaphore,unit,
arousseau_1641326118531,arousseau,155,182,Figure : Métaphore,unit,
arousseau_1641326148818,arousseau,471,511,Figure : Métaphore,unit,
arousseau_1641326162698,arousseau,601,640,Figure : Métaphore,unit,
arousseau_1641326175431,arousseau,645,681,Figure : Métaphore,unit,
arousseau_1641326237146,arousseau,1076,1163,Figure : Métaphore,unit,
arousseau_1641326616665,arousseau,575,597,Figure : Métonymie,unit,
arousseau_1641326769825,arousseau,981,1074,Figure : Métonymie,unit,
arousseau_1641326794513,arousseau,1395,1432,Figure : Métonymie,unit,
arousseau_1641326854834,arousseau,1571,1619,Figure : Synecdoque,unit,
arousseau_1641326881105,arousseau,1712,1750,Figure : Métaphore,unit,
awidloch_1620718292948,awidloch,1619,1792,Structure : Strophe,unit,
awidloch_1620718257793,awidloch,894,1074,Structure : Strophe,unit,
awidloch_1620718269518,awidloch,1253,1433,Structure : Strophe,unit,
awidloch_1620718242704,awidloch,556,730,Structure : Strophe,unit,
awidloch_1620718229728,awidloch,207,378,Structure : Strophe,unit,
arousseau_1641315167071,arousseau,730,894,Structure : Strophe,unit,
awidloch_1620718265579,awidloch,1074,1253,Structure : Strophe,unit,
awidloch_1620718221413,awidloch,29,207,Structure : Strophe,unit,
awidloch_1620718235184,awidloch,378,556,default,unit,
arousseau_1641326810726,arousseau,1433,1476,Figure : Métonymie,unit,
awidloch_1620718290660,awidloch,1433,1619,Structure : Strophe,unit,
arousseau_1641326908987,arousseau,76,205,Interprétation : Mal / Obscurité,unit,
arousseau_1641326923432,arousseau,211,378,Interprétation : Mal / Obscurité,unit,
arousseau_1641326932276,arousseau,425,556,Interprétation : Mal / Obscurité,unit,
arousseau_1641326942578,arousseau,511,534,Interprétation : Bien / Lumière,unit,
arousseau_1641326954989,arousseau,556,730,Interprétation : Mal / Obscurité,unit,
arousseau_1641326972493,arousseau,730,768,Interprétation : Mal / Obscurité,unit,
arousseau_1641326995257,arousseau,812,894,Interprétation : Mal / Obscurité,unit,
arousseau_1641327016836,arousseau,894,1074,Interprétation : Bien / Lumière,unit,
arousseau_1641327023105,arousseau,1076,1253,Interprétation : Bien / Lumière,unit,
arousseau_1641327042534,arousseau,1253,1432,Interprétation : Mal / Obscurité,unit,
arousseau_1641327059028,arousseau,1433,1619,Interprétation : Mal / Obscurité,unit,
arousseau_1641327064686,arousseau,1433,1476,Interprétation : Bien / Lumière,unit,
arousseau_1641327089323,arousseau,1666,1712,Interprétation : Mal / Obscurité,unit,
21914480_1641314453103,21914480,85,93,Syntaxe : Verbe,unit,
21914480_1641314755823,21914480,155,161,Syntaxe : Verbe,unit,
21914480_1641314761172,21914480,191,196,Syntaxe : Verbe,unit,
21914480_1641314838319,21914480,306,310,Syntaxe : Verbe,unit,
21914480_1641314842517,21914480,355,362,Syntaxe : Verbe,unit,
21914480_1641314886695,21914480,477,481,Syntaxe : Verbe,unit,
21914480_1641314915594,21914480,559,564,Syntaxe : Verbe,unit,
21914480_1641314918597,21914480,588,597,Syntaxe : Verbe,unit,
21914480_1641314924508,21914480,646,653,Syntaxe : Verbe,unit,
21914480_1641314929372,21914480,691,697,Syntaxe : Verbe,unit,
21914480_1641314933949,21914480,735,741,Syntaxe : Verbe,unit,
21914480_1641314939072,21914480,775,785,Syntaxe : Verbe,unit,
21914480_1641314945064,21914480,822,829,Syntaxe : Verbe,unit,
21914480_1641314958306,21914480,959,967,Syntaxe : Verbe,unit,
21914480_1641314960979,21914480,1000,1004,Syntaxe : Verbe,unit,
21914480_1641314963834,21914480,1027,1032,Syntaxe : Verbe,unit,
21914480_1641314965819,21914480,1032,1040,Syntaxe : Verbe,unit,
21914480_1641314972383,21914480,1077,1081,Syntaxe : Verbe,unit,
21914480_1641314979719,21914480,1096,1101,Syntaxe : Verbe,unit,
21914480_1641314986703,21914480,1119,1127,Syntaxe : Verbe,unit,
21914480_1641315097899,21914480,1128,1139,Syntaxe : Verbe,unit,
21914480_1641315103601,21914480,1182,1186,Syntaxe : Verbe,unit,
21914480_1641315105876,21914480,1206,1212,Syntaxe : Verbe,unit,
21914480_1641315172836,21914480,1269,1273,Syntaxe : Verbe,unit,
21914480_1641315175045,21914480,1280,1291,Syntaxe : Verbe,unit,
21914480_1641315177282,21914480,1314,1328,Syntaxe : Verbe,unit,
21914480_1641315180448,21914480,1348,1357,Syntaxe : Verbe,unit,
21914480_1641315182641,21914480,1364,1369,Syntaxe : Verbe,unit,
21914480_1641315216963,21914480,1395,1399,Syntaxe : Verbe,unit,
21914480_1641315236696,21914480,1480,1486,Syntaxe : Verbe,unit,
21914480_1641315244083,21914480,1544,1551,Syntaxe : Verbe,unit,
21914480_1641315246781,21914480,1561,1567,Syntaxe : Verbe,unit,
21914480_1641315248743,21914480,1571,1581,Syntaxe : Verbe,unit,
21914480_1641315258693,21914480,1590,1593,Syntaxe : Verbe,unit,
21914480_1641315277183,21914480,1628,1630,Syntaxe : Verbe,unit,
21914480_1641315280030,21914480,1631,1637,Syntaxe : Verbe,unit,
21914480_1641315286583,21914480,1679,1685,Syntaxe : Verbe,unit,
21914480_1641315290910,21914480,1715,1720,Syntaxe : Verbe,unit,
21914480_1641315303309,21914480,1769,1773,Syntaxe : Verbe,unit,
21914480_1641315569553,21914480,2144,2322,Structure : Strophe,unit,
21914480_1641315625549,21914480,42,75,Syntaxe : Syntagme nominal,unit,
21914480_1641315655598,21914480,76,84,Syntaxe : Syntagme nominal,unit,
21914480_1641315658313,21914480,97,112,Syntaxe : Syntagme nominal,unit,
21914480_1641315687025,21914480,241,259,Syntaxe : Syntagme nominal,unit,
21914480_1641315703679,21914480,323,341,Syntaxe : Syntagme nominal,unit,
21914480_1641315720459,21914480,435,463,Syntaxe : Syntagme nominal,unit,
21914480_1641315728726,21914480,517,534,Syntaxe : Syntagme nominal,unit,
21914480_1641315730509,21914480,536,555,Syntaxe : Syntagme nominal,unit,
21914480_1641315754994,21914480,666,681,Syntaxe : Syntagme nominal,unit,
21914480_1641315758773,21914480,706,726,Syntaxe : Syntagme nominal,unit,
21914480_1641315769283,21914480,790,811,Syntaxe : Syntagme nominal,unit,
21914480_1641315777886,21914480,851,893,Syntaxe : Syntagme nominal,unit,
21914480_1641315794064,21914480,940,958,Syntaxe : Syntagme nominal,unit,
21914480_1641315799440,21914480,1041,1052,Syntaxe : Syntagme nominal,unit,
21914480_1641315801929,21914480,1056,1073,Syntaxe : Syntagme nominal,unit,
21914480_1641315807070,21914480,1140,1161,Syntaxe : Syntagme nominal,unit,
21914480_1641315828875,21914480,1234,1252,Syntaxe : Syntagme nominal,unit,
21914480_1641315864847,21914480,1642,1662,Syntaxe : Syntagme nominal,unit,
21914480_1641315870673,21914480,1731,1750,Syntaxe : Syntagme nominal,unit,
21914480_1641316328659,21914480,113,120,Coréférence : Maillon,unit,
21914480_1641316331738,21914480,188,190,Coréférence : Maillon,unit,
21914480_1641316435909,21914480,220,227,Coréférence : Maillon,unit,
21914480_1641316566433,21914480,178,182,Coréférence : Maillon,unit,
21914480_1641316617646,21914480,575,577,Coréférence : Maillon,unit,
21914480_1641316717319,21914480,624,627,Coréférence : Maillon,unit,
21914480_1641316739273,21914480,666,681,Coréférence : Maillon,unit,
21914480_1641316741792,21914480,682,687,Coréférence : Maillon,unit,
21914480_1641316777796,21914480,730,734,Coréférence : Maillon,unit,
21914480_1641316782805,21914480,759,761,Coréférence : Maillon,unit,
21914480_1641316802398,21914480,812,821,Coréférence : Maillon,unit,
21914480_1641316897547,21914480,386,388,Coréférence : Maillon,unit,
21914480_1641316992498,21914480,389,393,Coréférence : Maillon,unit,
21914480_1641317106354,21914480,556,558,Coréférence : Maillon,unit,
21914480_1641317327591,21914480,940,958,Coréférence : Maillon,unit,
21914480_1641317329955,21914480,994,999,Coréférence : Maillon,unit,
21914480_1641317332064,21914480,1021,1026,Coréférence : Maillon,unit,
21914480_1641317338921,21914480,1074,1076,Coréférence : Maillon,unit,
21914480_1641317340955,21914480,1096,1101,Coréférence : Maillon,unit,
21914480_1641317410986,21914480,1216,1218,Coréférence : Maillon,unit,
21914480_1641317430259,21914480,1166,1174,Coréférence : Maillon,unit,
21914480_1641317433457,21914480,930,939,Coréférence : Maillon,unit,
21914480_1641317469121,21914480,1263,1268,Coréférence : Maillon,unit,
21914480_1641317503386,21914480,1370,1373,Coréférence : Maillon,unit,
21914480_1641317506029,21914480,1404,1407,Coréférence : Maillon,unit,
21914480_1641317513436,21914480,1467,1469,Coréférence : Maillon,unit,
21914480_1641317517852,21914480,1555,1560,Coréférence : Maillon,unit,
21914480_1641317521450,21914480,1611,1614,Coréférence : Maillon,unit,
21914480_1641317543955,21914480,1619,1621,Coréférence : Maillon,unit,
21914480_1641317547268,21914480,1666,1675,Coréférence : Maillon,unit,
21914480_1641317641206,21914480,1419,1423,Coréférence : Maillon,unit,
21914480_1641317651519,21914480,1476,1479,Coréférence : Maillon,unit,
21914480_1641317654129,21914480,1540,1543,Coréférence : Maillon,unit,
21914480_1641317659052,21914480,1594,1599,Coréférence : Maillon,unit,
21914480_1641317712553,21914480,1676,1678,Coréférence : Maillon,unit,
21914480_1641317720896,21914480,1703,1711,Coréférence : Maillon,unit,
21914480_1641317726765,21914480,1731,1750,Coréférence : Maillon,unit,
21914480_1641317729703,21914480,1760,1765,Coréférence : Maillon,unit,
21914480_1641317731984,21914480,1712,1714,Coréférence : Maillon,unit,
21914480_1641317736349,21914480,1766,1768,Coréférence : Maillon,unit,
21914480_1641322700346,21914480,274,296,Figure : Métaphore,unit,
21914480_1641322760310,21914480,536,555,Figure : Métaphore,unit,
21914480_1641322929061,21914480,1374,1391,Figure : Métaphore,unit,
21914480_1641323459695,21914480,135,155,Figure : Métaphore,unit,
21914480_1641324615207,21914480,1166,1174,Figure : Synecdoque,unit,
21914480_1641324923886,21914480,536,555,Interprétation : Mal / Obscurité,unit,
21914480_1641324964261,21914480,790,811,Interprétation : Bien / Lumière,unit,
21914480_1641324970813,21914480,851,893,Interprétation : Mal / Obscurité,unit,
21914480_1641315790063,21914480,909,939,Syntaxe : Syntagme nominal,unit,
21914480_1641315843320,21914480,1408,1432,Syntaxe : Syntagme nominal,unit,
21914480_1641315850464,21914480,1438,1476,Syntaxe : Syntagme nominal,unit,
21914480_1641314826097,21914480,220,231,Syntaxe : Verbe,unit,
21914480_1641314846324,21914480,389,401,Syntaxe : Verbe,unit,
21914480_1641315661411,21914480,113,131,Syntaxe : Syntagme nominal,unit,
21914480_1641315748765,21914480,601,639,Syntaxe : Syntagme nominal,unit,
21914480_1641315766319,21914480,748,767,Syntaxe : Syntagme nominal,unit,
21914480_1641317616374,21914480,1253,1279,Coréférence : Maillon,unit,
21914480_1641317714994,21914480,1619,1627,Coréférence : Maillon,unit,
21914480_1641322174345,21914480,511,534,Figure : Comparaison,unit,
21914480_1641322249381,21914480,1224,1252,Figure : Comparaison,unit,
21914480_1641322277503,21914480,1754,1765,Figure : Comparaison,unit,
21914480_1641322677665,21914480,155,182,Figure : Métaphore,unit,
21914480_1641322809477,21914480,698,726,Figure : Métaphore,unit,
21914480_1641322861879,21914480,748,767,Figure : Métaphore,unit,
21914480_1641323511052,21914480,344,376,Figure : Synecdoque,unit,
21914480_1641323973323,21914480,575,597,Figure : Métaphore,unit,
21914480_1641324226655,21914480,959,977,Figure : Synecdoque,unit,
21914480_1641324580384,21914480,1074,1094,Figure : Métaphore,unit,
21914480_1641324583296,21914480,1096,1115,Figure : Métaphore,unit,
21914480_1641324859389,21914480,260,298,Interprétation : Mal / Obscurité,unit,
21914480_1641324864240,21914480,298,341,Interprétation : Mal / Obscurité,unit,
21914480_1641324910039,21914480,430,463,Interprétation : Mal / Obscurité,unit,
21914480_1641324918445,21914480,511,534,Interprétation : Bien / Lumière,unit,
21914480_1641324941057,21914480,640,681,Interprétation : Mal / Obscurité,unit,
21914480_1641324981806,21914480,812,851,Interprétation : Mal / Obscurité,unit,
21914480_1641325020633,21914480,1032,1073,Interprétation : Bien / Lumière,unit,
21914480_1641325037701,21914480,1116,1163,Interprétation : Bien / Lumière,unit,
21914480_1641325042281,21914480,1163,1206,Interprétation : Bien / Lumière,unit,
21914480_1641325059477,21914480,1253,1279,Interprétation : Bien / Lumière,unit,
21914480_1641325119526,21914480,1348,1391,Interprétation : Mal / Obscurité,unit,
21914480_1641325136254,21914480,1476,1524,Interprétation : Mal / Obscurité,unit,
21914480_1641324675235,21914480,1433,1476,Figure : Métonymie,unit,
21914480_1641324841713,21914480,113,155,Interprétation : Mal / Obscurité,unit,
21914480_1641324855133,21914480,216,259,Interprétation : Mal / Obscurité,unit,
21914480_1641324868098,21914480,341,378,Interprétation : Mal / Obscurité,unit,
21914480_1641324933157,21914480,556,597,Interprétation : Mal / Obscurité,unit,
21914480_1641324937404,21914480,597,639,Interprétation : Mal / Obscurité,unit,
21914480_1641324943246,21914480,682,726,Interprétation : Mal / Obscurité,unit,
21914480_1641324951887,21914480,730,767,Interprétation : Mal / Obscurité,unit,
21914480_1641324993489,21914480,904,939,Interprétation : Bien / Lumière,unit,
21914480_1641325006845,21914480,940,977,Interprétation : Bien / Lumière,unit,
21914480_1641325035439,21914480,1074,1115,Interprétation : Bien / Lumière,unit,
21914480_1641325045383,21914480,1206,1252,Interprétation : Bien / Lumière,unit,
21914480_1641325066388,21914480,1253,1304,Interprétation : Mal / Obscurité,unit,
21914480_1641325122434,21914480,1392,1432,Interprétation : Mal / Obscurité,unit,
21914480_1641325130505,21914480,1433,1476,Interprétation : Bien / Lumière,unit,
awidloch_1620718251780,awidloch,730,894,Structure : Strophe,unit,
21914480_1641325187548,21914480,1524,1567,Interprétation : Mal / Obscurité,unit,
21914480_1641325207659,21914480,1568,1618,Interprétation : Mal / Obscurité,unit,
21914480_1641325215554,21914480,1666,1711,Interprétation : Bien / Lumière,unit,
21914480_1641326194151,21914480,981,1073,Figure : Métaphore,unit,
